sessionId,payment_intent_id,payment_status,metadata_orderId,metadata_userId,created
"cs_test_a1GRr8apVfK3eNquLWkcP1Jj8W90axHTzAe9PDCe3eCwcuUAJgSJI6EYUz","pi_3S938RJq9qYoN0en0cHVciDe","paid","","","1758283794"
"cs_test_a1M1pde2nWHBhe3WgJWstBuUHYEGfnyQV4RGoaOIGPtvaZGAjUd9vzT8XB","pi_3S93TgJq9qYoN0en05MSftq4","paid","","","1758285111"
"cs_test_a1TZzUNN5o7uSR3M7ZVKJSTeTSS1sO9lPsWb6YYJ85Gv8JuZMe7CsmU8tV","pi_3S931JJq9qYoN0en0nstpOKj","paid","","","1758283352"
"cs_test_a1dbqua40g4bOpv5eCwhfPaI6qixv2tGurMJzmKiS0GotlzdQAxH0FyK3g","pi_3S939XJq9qYoN0en1NXNBKuV","paid","","","1758283862"
"cs_test_a1lqgIeHNSztdCQYtNNHEWF9kUlKs3PTkT6jMDm60NjfIofycQO8vd05Rq","pi_3S932VJq9qYoN0en08F5PzPC","paid","","","1758283426"
"cs_test_b1DUAGqp9UFF2D66pxn71seQfQ6NHqBBcxNkiSQIAWOftM5I7lsv0lOi5C","pi_3S9Hz9Jq9qYoN0en0aSg8KTx","paid","","c8389f2c-e1fa-418a-9f9d-b7cc01aefdba","1758340868"
"cs_test_b1HBoJRBa0UQWWxEILnuHCvEVsisf1E0K0JZnJl5CSoB2MZpbWFZnjxlfC","pi_3S9HXkJq9qYoN0en1rNLcoGI","paid","","c8389f2c-e1fa-418a-9f9d-b7cc01aefdba","1758339171"
"cs_test_b1KYUplUxamEtAzMa9lgxxgZNrhJ4ny6tHypxiCSNla9riHuvpE65M5Nmi","pi_3S9Iv8Jq9qYoN0en09De6Ow3","paid","","c8389f2c-e1fa-418a-9f9d-b7cc01aefdba","1758344470"
"cs_test_b1P7aqRPCXlNlS2gZBJLZS9SMoOa6BsV7J9lf5e0retYubsViSsxb3hxS9","pi_3S94C0Jq9qYoN0en0gHcXDPo","paid","","ed9fbf83-26df-4e32-893e-86c4ea427bc7","1758287856"
"cs_test_b1b9M5qauPCChzDpzvK5YkDL28ZUctJdrQjWAqo4RcaM9c4TKBQMrzbx7h","pi_3S9HgkJq9qYoN0en0E3IBBDP","paid","","ed9fbf83-26df-4e32-893e-86c4ea427bc7","1758339729"
"cs_test_b1h1itwgk633L61HAvai8rxaQDiuMUD7JjawXR921RhHs7DoKaL51xqMRG","pi_3S9JUzJq9qYoN0en16Uqx4Qw","paid","","c8389f2c-e1fa-418a-9f9d-b7cc01aefdba","1758346693"
"cs_test_b1mtZEJogKU9xA6SoXyXQd5H8rPGAVs2SpONHG6iQZfpdgIT4qKKJ1Ap7q","pi_3S9JMOJq9qYoN0en1iHV6p20","paid","","c8389f2c-e1fa-418a-9f9d-b7cc01aefdba","1758346161"
"cs_test_b1quCTtchpRLhROyvE5h3k5PcPUxxFCj5NX2Spu7xtGX5jmF0aJtEukiiu","pi_3S93krJq9qYoN0en081G1VF5","paid","","ed9fbf83-26df-4e32-893e-86c4ea427bc7","1758286171"
